ShopID,ShopName,District,created_date,item_scanned
"20075",( 20075) BEHTA KURSI ROAD,Lucknow,"2022-04-25",1.00
"23331",( 23331) BALOO ADDA,Lucknow,"2022-04-25",1.00
"23152",( 23152) CHINAHAT TIRAHA,Lucknow,"2022-04-25",1.00
"23152",( 23152) CHINAHAT TIRAHA,Lucknow,"2022-04-26",102.00
"28780",( 28780) TAKHWA CHAURAHA GOMTI NAGAR,Lucknow,"2022-04-26",1.00
"28283",( 28283) TAHSEENGANJ,Lucknow,"2022-04-26",2.00
"28689",( 28689) MATIYARI CHAURAHA,Lucknow,"2022-04-27",13.00
"19848",( 19848) MATIYARI CHAURAHA,Lucknow,"2022-04-27",14.00
"28843",( 28843) SEEMANT NAGAR (KANCHAN BIHARI MARG),Lucknow,"2022-04-27",10.00
"23152",( 23152) CHINAHAT TIRAHA,Lucknow,"2022-04-27",406.00
"29580",( 29580) ALAMBAGH NO-1(SINDARS DUMP YOJNA LDA MARKET KANPUR ROAD )-(A),Lucknow,"2022-04-27",1.00
"22519",( 22519) ALAMBAGH,Lucknow,"2022-04-27",3.00
"29591",( 29591) SARDARI KHEDA,Lucknow,"2022-04-27",1.00
"28803",( 28803) MALLHAUR,Lucknow,"2022-04-27",32.00
"33701",( 33701) M G MARG- 22021 (B),Lucknow,"2022-04-27",4.00
"30385",( 30385) MADAN MOHAN MALVIYA MARG,Lucknow,"2022-04-28",5.00
"28843",( 28843) SEEMANT NAGAR (KANCHAN BIHARI MARG),Lucknow,"2022-04-28",183.00
"29440",( 29440) SAIDAPUR CHAURAHA,Lucknow,"2022-04-28",5.00
"23964",( 23964) ALAMBAGH (MAUNI BABA MARKET),Lucknow,"2022-04-28",9.00
"22472",( 22472) SAIDAPUR,Lucknow,"2022-04-28",13.00
"23240",( 23240) ASHOK MARG(JAWAHAR BHAWAN SE GOMTI BRIDGE KE MADHYA),Lucknow,"2022-04-28",13.00
"16946",( 16946) ALAMBAGH NO. 1( SINDERS DUMP YOJNA L D A MARKET KANPUR ROAD),Lucknow,"2022-04-28",3.00
"30168",( 30168) SAIDAPUR CHAURAHA,Lucknow,"2022-04-28",13.00
"17013",( 17013) ADARSH NAGAR TEDI PULIYA( NEAR BUS STATION GATE),Lucknow,"2022-04-28",2.00
"34657",( 34657) GANDHINAGAR (NEAR KHURAM NAGAR CHAURAHA ),Lucknow,"2022-04-28",4.00
"23152",( 23152) CHINAHAT TIRAHA,Lucknow,"2022-04-28",33.00
"27993",( 27993) ADARSH NAGAR (ALAMBAGH BUS STAND NEAR ),Lucknow,"2022-04-28",2.00
"28879",( 28879) MANAS NAGAR TIRAHA INDIRANAGAR (PICNIC SPOT ROAD),Lucknow,"2022-04-28",57.00
"23005",( 23005) MUNSHI PULIYA,Lucknow,"2022-04-28",11.00
"16991",( 16991) MAVAIYA CHAURAHA,Lucknow,"2022-04-28",2.00
"30062",( 30062) FARIDINAGAR (PICNIC SPOT ROAD),Lucknow,"2022-04-28",3.00
"30218",( 30218) BASHARI,Lucknow,"2022-04-28",3.00
"28689",( 28689) MATIYARI CHAURAHA,Lucknow,"2022-04-28",1.00
"33762",( 33762) ASHOK MARG NEAR GOMTI BRIDGE (NEAR PETROL PUMP)- 28908 (B),Lucknow,"2022-04-28",21.00
"28191",( 28191) MAWAIYA (MAWAIYA TIRAHA SE TRIPATHI MISTHAN BHANDAR KE NIKAT RAILWAY CORSSING TAK ),Lucknow,"2022-04-28",2.00
"33937",( 33937) MAVAIYA (OVER BRIDGE NEAR RAILWAY CROSSING)- 29568 (B),Lucknow,"2022-04-28",2.00
"22777",( 22777) SISENDI (PS MOHANLALGANJ),Lucknow,"2022-04-28",5.00
"29594",( 29594) BLUNT SQUARE (NEAR TAXI STAND)-(A),Lucknow,"2022-04-28",3.00
"20313",( 20313) KAMTA FAIZABAD ROAD,Lucknow,"2022-04-28",8.00
"29543",( 29543) SISENDI (PS MOHANLALGANJ),Lucknow,"2022-04-28",2.00
"28803",( 28803) MALLHAUR,Lucknow,"2022-04-28",2.00
"30288",( 30288) SISENDI,Lucknow,"2022-04-28",3.00
"28818",( 28818) HUSAINGANJ (NEAR UDAIGANJ)-(A),Lucknow,"2022-04-28",9.00
"23507",( 23507) NISHATGANJ (NEAR PAPER MILL TIRAHA NEAR POLICE CHAUKI),Lucknow,"2022-04-28",45.00
"23289",( 23289) UDAIGANJ,Lucknow,"2022-04-28",28.00
"29944",( 29944) GARHI PEER KHAN,Lucknow,"2022-04-28",1.00
"30204",( 30204) KATHWARA,Lucknow,"2022-04-28",6.00
"28892",( 28892) SADAR RAILWAY CROSSING,Lucknow,"2022-04-28",5.00
"29938",( 29938) SHEKHPUR NEAR KHINNI CHAURAHA,Lucknow,"2022-04-28",1.00
"28453",( 28453) KISHOREGANJ (PS THAKURGANJ),Lucknow,"2022-04-28",1.00
"33762",( 33762) ASHOK MARG NEAR GOMTI BRIDGE (NEAR PETROL PUMP)- 28908 (B),Lucknow,"2022-04-29",32.00
"20030",( 20030) TAKROHI BAZAAR,Lucknow,"2022-04-29",5.00
"20313",( 20313) KAMTA FAIZABAD ROAD,Lucknow,"2022-04-29",10.00
"30204",( 30204) KATHWARA,Lucknow,"2022-04-29",1.00
"23152",( 23152) CHINAHAT TIRAHA,Lucknow,"2022-04-29",18.00
"30213",( 30213) SIRGAMAU (SARSANDA CHAURAHA),Lucknow,"2022-04-29",7.00
"35822",( 35822) JUGGOR GRAM,Lucknow,"2022-04-29",12.00
"35020",( 35020) VIBHUTI KHAND (S. B. I. VIBHUTI KHAND SHAKHA SE 600 METER PARIDHI ME),Lucknow,"2022-04-29",14.00
"22697",( 22697) MOHANLALGANJ ( 220 METER AWAY FROM NATIONAL HIGHWAY),Lucknow,"2022-04-29",5.00
"30254",( 30254) PAKADIYA NO. 15 TUBEWELL MOD-(A),Lucknow,"2022-04-29",60.00
"23964",( 23964) ALAMBAGH (MAUNI BABA MARKET),Lucknow,"2022-04-29",4.00
"34657",( 34657) GANDHINAGAR (NEAR KHURAM NAGAR CHAURAHA ),Lucknow,"2022-04-29",1.00
"35805",( 35805) JUGGOR GRAM,Lucknow,"2022-04-29",35.00
"19906",( 19906) KHURRAM NAGAR,Lucknow,"2022-04-29",5.00
"30179",( 30179) BAZAR GAON,Lucknow,"2022-04-29",11.00
"30159",( 30159) PARVATPUR,Lucknow,"2022-04-29",5.00
"30020",( 30020) KHURRAM NAGAR CHAURAHA,Lucknow,"2022-04-29",5.00
"30122",( 30122) BAHADURKHEDA NEAR OVER BRIDGE,Lucknow,"2022-04-29",3.00
"29407",( 29407) KASMANDI KALAN,Lucknow,"2022-04-29",2.00
"20295",( 20295) BHARWARA ( WITHIN 100 MT FROM RAILWAY CROSSING )GOMTI NAGAR,Lucknow,"2022-04-29",8.00
"28710",( 28710) KHURRAM NAGAR CHAURAHA,Lucknow,"2022-04-29",2.00
"29321",( 29321) MANAK NAGAR (BHOLAKHEDA NAHAR PULIYA SE BUM BHOLE COMPLEX TAK),Lucknow,"2022-04-29",4.00
"22116",( 22116) MALL,Lucknow,"2022-04-29",16.00
"29509",( 29509) MOHANLALGANJ ( 220 METER AWAY FROM NATIONAL HIGHWAY),Lucknow,"2022-04-29",3.00
"35813",( 35813) PARWATPUR,Lucknow,"2022-04-29",3.00
"23562",( 23562) RAHIMNAGAR (NEAR AHUJA PETROL PUMP SE RAHIMNAGAR CHAURAHE KE MADHYA),Lucknow,"2022-04-29",4.00
"30085",( 30085) BHARWARA RAILWAY CROSSING,Lucknow,"2022-04-29",679.00
"22797",( 22797) AMETHI,Lucknow,"2022-04-29",2.00
"30176",( 30176) KASMANDI KALAN,Lucknow,"2022-04-29",11.00
"21535",( 21535) RAMPRASAD KHEDA (RAJAJIPURAM ROAD THANA MANAK NAGAR),Lucknow,"2022-04-29",2.00
"30245",( 30245) HAZIPUR PS ITAUNZA,Lucknow,"2022-04-29",3.00
"30286",( 30286) MOHANLALGANJ NO.1 (FROM 220 METER TO NATIONAL HIGHWAY),Lucknow,"2022-04-29",1.00
"22852",( 22852) DOCTORKHEDA,Lucknow,"2022-04-29",9.00
"30248",( 30248) RAMPUR DEVRAI-(A),Lucknow,"2022-04-29",5.00
"30178",( 30178) RAM NAGAR (MAL),Lucknow,"2022-04-29",172.00
"34851",( 34851) HANIMAIN TIRAHA,Lucknow,"2022-04-29",4.00
"23469",( 23469) MOHANLALGANJ ( 220 METER AWAY FROM NATIONAL HIGHWAY),Lucknow,"2022-04-29",5.00
"22802",( 22802) KAISAR BAG,Lucknow,"2022-04-29",2.00
"22350",( 22350) KASMANDI KALAN,Lucknow,"2022-04-29",14.00
"28001",( 28001) RAMPRASAD KHEDA(RAJAJIPURAM ROAD),Lucknow,"2022-04-29",3.00
"29571",( 29571) MAU GOSAIGANJ-MOHANLALGANJ ROAD ( 220 METER AWAY FROM NATIONAL HIGHWAY),Lucknow,"2022-04-29",2.00
"30283",( 30283) AMETHI,Lucknow,"2022-04-29",2.00
"29356",( 29356) NEAR BIKHAPURWA MOD MUSANAGAR (FROM 220 METER TO NATIONAL STATE HIGHWAY),Lucknow,"2022-04-29",138.00
"28843",( 28843) SEEMANT NAGAR (KANCHAN BIHARI MARG),Lucknow,"2022-04-29",35.00
"20152",( 20152) GOMTI NAGAR PHASE-2(NEAR LAKSHMI MARKET),Lucknow,"2022-04-29",5.00
"17036",( 17036) RAMPRASAD KHEDA ( RAJAJIPURAM ROAD),Lucknow,"2022-04-29",1.00
"14575",( 14575) NIRALA NAGAR,Lucknow,"2022-04-29",2.00
"30158",( 30158) RUDAHI,Lucknow,"2022-04-29",12.00
"28895",( 28895) GOMTINAGAR PHASE 2 NEAR LAXMI MARKET,Lucknow,"2022-04-29",2.00
"29068",( 29068) MAHANAGAR(NEAR RAHIM NAGAR CHAURAHA )-(A),Lucknow,"2022-04-29",3.00
"29263",( 29263) RAM PRASAD KHEDA (RAJAJIPURAM ROAD PS MANAK NAGAR),Lucknow,"2022-04-29",4.00
"16946",( 16946) ALAMBAGH NO. 1( SINDERS DUMP YOJNA L D A MARKET KANPUR ROAD),Lucknow,"2022-04-29",12.00
"23437",( 23437) BAKSHI KA TALAAB,Lucknow,"2022-04-29",116.00
"19579",( 19579) SHANKAR CHAURAHA (GOMTI NAGAR),Lucknow,"2022-04-29",8.00
"28879",( 28879) MANAS NAGAR TIRAHA INDIRANAGAR (PICNIC SPOT ROAD),Lucknow,"2022-04-29",29.00
"29587",( 29587) CHANDAN NAGAR (NATKHEDA ROAD)-(A),Lucknow,"2022-04-29",2.00
"28817",( 28817) SARVODAYA NAGAR,Lucknow,"2022-04-29",2.00
"23005",( 23005) MUNSHI PULIYA,Lucknow,"2022-04-29",15.00
"34960",( 34960) BARGADI CHAURAHA,Lucknow,"2022-04-29",2.00
"23215",( 23215) PATRAKAR PURAM NO-1(NEAR GAURI CHAURAHA),Lucknow,"2022-04-29",4.00
"29626",( 29626) BADA BARHA-(A),Lucknow,"2022-04-29",2.00
"30240",( 30240) VAJID NAGAR CHAURAHA PS MALIHABAD,Lucknow,"2022-04-29",4.00
"29589",( 29589) ANAND NAGAR,Lucknow,"2022-04-29",4.00
"30216",( 30216) BARGADI CHAURAHA,Lucknow,"2022-04-29",3.00
"29484",( 29484) RAJAPUR INDAURA (PS BAKSHI KA TALAB),Lucknow,"2022-04-29",3.00
"28837",( 28837) CHITWAPUR(STATION ROAD),Lucknow,"2022-04-29",2.00
"28689",( 28689) MATIYARI CHAURAHA,Lucknow,"2022-04-29",2.00
"29487",( 29487) BARGADI CHAURAHA (PS MALL),Lucknow,"2022-04-29",11.00
"30207",( 30207) THAWAR,Lucknow,"2022-04-29",3.00
"14301",( 14301) GAUTAM BUDDHA MARG NEAR MOHAN HOTEL,Lucknow,"2022-04-29",9.00
"23308",( 23308) LATOOSH ROAD NEAR MOHAN HOTEL SE HARDOI BUS STAND TAK,Lucknow,"2022-04-29",3.00
"34689",( 34689) CHITWAPUR ROAD ( P C F BHAWAN SE RANA PRATAP CHOWK KE MADHYA),Lucknow,"2022-04-29",2.00
"23112",( 23112) TIWARI GANJ (FROM 220 METER TO NATIONAL HIGHWAY),Lucknow,"2022-04-29",2.00
"19036",( 19036) HUSAINGANJ (NEAR CHAURAHA),Lucknow,"2022-04-29",1.00
"28674",( 28674) TIWARIGANJ (FROM 220 METER TO NATIONAL HIGHWAY),Lucknow,"2022-04-29",2.00
"19939",( 19939) TIWARIGANJ ( 220 METER AWAY FROM NATIONAL HIGHWAY),Lucknow,"2022-04-29",1.00
"14261",( 14261) SADAR ROAD UDAIGANJ (HUSAINGANJ),Lucknow,"2022-04-29",4.00
"30085",( 30085) BHARWARA RAILWAY CROSSING,Lucknow,"2022-04-30",731.00
"22350",( 22350) KASMANDI KALAN,Lucknow,"2022-04-30",5.00
"30254",( 30254) PAKADIYA NO. 15 TUBEWELL MOD-(A),Lucknow,"2022-04-30",18.00
"23437",( 23437) BAKSHI KA TALAAB,Lucknow,"2022-04-30",42.00
"30158",( 30158) RUDAHI,Lucknow,"2022-04-30",4.00
"22116",( 22116) MALL,Lucknow,"2022-04-30",5.00
"30325",( 30325) GAUTAMKHEDA (PS NIGOHAN),Lucknow,"2022-04-30",5.00
"30026",( 30026) INDIRA NAGAR POLYTECHNIC CHAURAHA-(A),Lucknow,"2022-04-30",2.00
"19874",( 19874) INDIRA NAGAR (POLYTECHNIC CHAURAHA),Lucknow,"2022-04-30",3.00
"30164",( 30164) KAKRABAD,Lucknow,"2022-04-30",10.00
"30029",( 30029) INDIRA NAGAR (MUNSHI PULIYA CHAURAHA),Lucknow,"2022-04-30",6.00
"22490",( 22490) NARAYANPUR (PS MALL),Lucknow,"2022-04-30",58.00
"14301",( 14301) GAUTAM BUDDHA MARG NEAR MOHAN HOTEL,Lucknow,"2022-04-30",7.00
"29587",( 29587) CHANDAN NAGAR (NATKHEDA ROAD)-(A),Lucknow,"2022-04-30",496.00
"30324",( 30324) BARKAT NAGAR BHATTHI PS NAGRAM,Lucknow,"2022-04-30",2.00
"33906",( 33906) SHYAM NAGAR (NEAR MANAK NAGAR STATION)- 30117 (B),Lucknow,"2022-04-30",6.00
"28668",( 28668) MUNSHIPULIYA INDIRA NAGAR,Lucknow,"2022-04-30",3.00
"29404",( 29404) NARAINPUR,Lucknow,"2022-04-30",7.00
"19648",( 19648) MALLHAUR STATION,Lucknow,"2022-04-30",10.00
"29544",( 29544) KANKAHA (RANJEETKHEDA) ( 220 MT AWAY FROM NATIONAL HIGHWAY),Lucknow,"2022-04-30",7.00
"30186",( 30186) JEHTA,Lucknow,"2022-04-30",2.00
"22660",( 22660) RANJEETKHEDA ( 220 METER AWAY FROM NATIONAL HIGHWAY),Lucknow,"2022-04-30",6.00
"29487",( 29487) BARGADI CHAURAHA (PS MALL),Lucknow,"2022-04-30",11.00
"29575",( 29575) MOHARI KALAN (MOHANLALGANJ-GOSAIGANJ ROAD) (PS GOSAIGANJ),Lucknow,"2022-04-30",1.00
"29472",( 29472) JEHTA,Lucknow,"2022-04-30",2.00
"35805",( 35805) JUGGOR GRAM,Lucknow,"2022-04-30",32.00
"28703",( 28703) AMRAPALI CHAURAHA,Lucknow,"2022-04-30",26.00
"35298",( 35298) RAHTTA (GAHDO-RAHEEMABAD SAMPARK MARG),Lucknow,"2022-04-30",11.00
"30318",( 30318) NAYA JAIL MOHALI KALAN,Lucknow,"2022-04-30",2.00
"22533",( 22533) JEHTA (PS KAKORI),Lucknow,"2022-04-30",46.00
"30069",( 30069) AMRAPALI CHAURAHA (INDIRA NAGAR),Lucknow,"2022-04-30",4.00
"30184",( 30184) MARPA (MADHWAPUR) (FROM 220 METER TO NATIONAL STATE HIGHWAY),Lucknow,"2022-04-30",56.00
"30178",( 30178) RAM NAGAR (MAL),Lucknow,"2022-04-30",10.00
"23152",( 23152) CHINAHAT TIRAHA,Lucknow,"2022-04-30",17.00
"21882",( 21882) G B MARG,Lucknow,"2022-04-30",4.00
"35359",( 35359) MALHA NIKAT (SIDHDESHWARI MANDIR MOD),Lucknow,"2022-04-30",5.00
"35806",( 35806) LAXMANPURI,Lucknow,"2022-04-30",4.00
"30301",( 30301) BELI,Lucknow,"2022-04-30",2.00
"30211",( 30211) SASPAN NEAR NAHAR,Lucknow,"2022-04-30",11.00
"23030",( 23030) FAIZABAD ROAD NO-1(GAZIPUR POLICE STATION SE 100 MT KI PRADHI ME),Lucknow,"2022-04-30",8.00
"29351",( 29351) ITAUNZA,Lucknow,"2022-04-30",3.00
"30225",( 30225) RUSAINA,Lucknow,"2022-04-30",1.00
"16946",( 16946) ALAMBAGH NO. 1( SINDERS DUMP YOJNA L D A MARKET KANPUR ROAD),Lucknow,"2022-04-30",4.00
"28904",( 28904) BHARWARA (WITHIN 100 MT FROM RAILWAY CROSSING ),Lucknow,"2022-04-30",5.00
"30023",( 30023) GAZIPUR (KAILASH KUNJ)-(A),Lucknow,"2022-04-30",3.00
"19579",( 19579) SHANKAR CHAURAHA (GOMTI NAGAR),Lucknow,"2022-04-30",29.00
"22068",( 22068) ITAUNJA,Lucknow,"2022-04-30",2.00
"29606",( 29606) ARJUNGANJ (SULTANPUR ROAD PS CANTT),Lucknow,"2022-04-30",30.00
"25649",( 25649) MOHAN,Unnao,"2022-04-30",2.00
"9895",( 9895) SABIRAPUR,Gonda,"2022-04-30",5.00
"23289",( 23289) UDAIGANJ,Lucknow,"2022-04-30",53.00
"34649",( 34649) MARUTI PURAM (FAIZABAD ROAD),Lucknow,"2022-04-30",2.00
"34816",( 34816) SASPAN NAHER KE PASS,Lucknow,"2022-04-30",4.00
"29519",( 29519) BAIRISALPUR (NIGOHAN STATION ROAD),Lucknow,"2022-04-30",5.00
"30634",( 30634) GOSAIGANJ NAI JAIL ROAD (BYPASS MARG PAR CHOTI NAHAR PULIYA SE RAILWAY CROSSING KE MADHYA),Lucknow,"2022-04-30",1.00
"23454",( 23454) ITAUNZA,Lucknow,"2022-04-30",1.00
"17400",( 17400) ARJUNGANJ(LUCKNOW- SULTANPUR ROAD THANA CANTT),Lucknow,"2022-04-30",7.00
"25859",( 25859) MOHARI BAAG,Unnao,"2022-04-30",5.00
"29356",( 29356) NEAR BIKHAPURWA MOD MUSANAGAR (FROM 220 METER TO NATIONAL STATE HIGHWAY),Lucknow,"2022-04-30",4.00
"19740",( 19740) BHOOTHNATH INDIRA NAGAR,Lucknow,"2022-04-30",3.00
"34974",( 34974) SASPAN NAHER KE PASS,Lucknow,"2022-04-30",4.00
"27966",( 27966) ARJUNGANJ PS-CANTT,Lucknow,"2022-04-30",2.00
"26789",( 26789) BANGARMAU (SANDILA ROAD),Unnao,"2022-04-30",26.00
"30153",( 30153) ITAUNZA STATION KE SAMNE SITAPUR ROAD,Lucknow,"2022-04-30",28.00
"27631",( 27631) PATAN,Unnao,"2022-04-30",11.00
"13906",( 13906) CIVIL LINES NO.2,Pryagraj,"2022-04-30",1.00
"24011",( 24011) SITARAM CALONY (SHUKLAGANJ),Unnao,"2022-04-30",6.00
"26502",( 26502) AURAS,Unnao,"2022-04-30",3.00
"30115",( 30115) RAM PRASAD KHEDA (PS MANAK NAGAR),Lucknow,"2022-04-30",1.00
"26496",( 26496) CHAMRAULI,Unnao,"2022-04-30",8.00
"27117",( 27117) JAJAMAU,Unnao,"2022-04-30",2.00
"22870",( 22870) KHADAMAU TIRAHA,KanpurNagar,"2022-04-30",2.00
"20575",( 20575) CHHIWIKI STATION,Pryagraj,"2022-04-30",1.00
"27236",( 27236) GEETA NAGAR CROSSING,KanpurNagar,"2022-04-30",3.00
"25459",( 25459) PONI ROAD,Unnao,"2022-04-30",1.00
"30316",( 30316) HASANGANJ,Lucknow,"2022-04-30",1.00
"22374",( 22374) BAKOTHI,KanpurNagar,"2022-04-30",1.00
"25997",( 25997) SEMARA,Agra,"2022-04-30",7.00
"34812",( 34812) JHAKHARBAGH CHAURAHA,Lucknow,"2022-04-30",4.00
"30313",( 30313) BAIRISALPUR (NIGOHAN STATION ROAD),Lucknow,"2022-04-30",4.00
"29977",( 29977) BARA,Pryagraj,"2022-04-30",2.00
"27553",( 27553) PAATAN,Unnao,"2022-04-30",2.00
"29640",( 29640) LILMATHA BAZAR (VIJAY NAGAR LILMATHA),Lucknow,"2022-04-30",2.00
"27004",( 27004) JAJAMAU,Unnao,"2022-04-30",4.00
"20749",( 20749) MEVA LAL KI BAGIYA,Pryagraj,"2022-04-30",1.00
"30229",( 30229) LODHAI MALIHABAD,Lucknow,"2022-04-30",5.00
"22868",( 22868) BAIRISALPUR (NIGOHAN STATION ROAD),Lucknow,"2022-04-30",2.00
"26555",( 26555) BANGARMAU TIRAHA,Unnao,"2022-04-30",27.00
"33908",( 33908) LILMATHA (NEAR TEMPO STAND )- 29604 (B),Lucknow,"2022-04-30",2.00
"27328",( 27328) TAKIYA,Unnao,"2022-04-30",31.00
"27314",( 27314) AWAS VIKAS,KanpurNagar,"2022-04-30",1.00
"27078",( 27078) GANJMURADABAD,Unnao,"2022-04-30",61.00
"26877",( 26877) CHAMRAULI,Unnao,"2022-04-30",5.00
"30250",( 30250) AMETHIYA SALEMPUR PS KAKORI,Lucknow,"2022-04-30",6.00
"34890",( 34890) MALAUNI,Lucknow,"2022-04-30",1.00
"27327",( 27327) GANJMURADABAD,Unnao,"2022-04-30",163.00
"20236",( 20236) GEETA NAGAR CROSSING-(A),KanpurNagar,"2022-04-30",1.00
"25515",( 25515) AURAS,Unnao,"2022-04-30",119.00
"30030",( 30030) BARA,Pryagraj,"2022-04-30",1.00
"26404",( 26404) CHAMRAULI,Unnao,"2022-04-30",11.00
"28128",( 28128) LILMATHA (TEMPO STAND CANTT ROAD),Lucknow,"2022-04-30",2.00
"18066",( 18066) BHARWARI,Kaushambhi,"2022-04-30",1.00
"24397",( 24397) DEVIPURVA CHAURAHA,KanpurDehat,"2022-04-30",1.00
"30248",( 30248) RAMPUR DEVRAI-(A),Lucknow,"2022-04-30",1.00
"23005",( 23005) MUNSHI PULIYA,Lucknow,"2022-04-30",7.00
"27595",( 27595) MAURAWAN,Unnao,"2022-04-30",2.00
"27351",( 27351) GEETA NAGAR-(A),KanpurNagar,"2022-04-30",3.00
"27223",( 27223) BARA CIROHI,KanpurNagar,"2022-04-30",1.00
"26585",( 26585) GANJ MORADABAD,Unnao,"2022-04-30",318.00
"29533",( 29533) MADHERMAU ( 220 METER AWAY FROM NATIONAL HIGHWAY),Lucknow,"2022-04-30",9.00
"30317",( 30317) MAHMOODPUR,Lucknow,"2022-04-30",1.00
"26153",( 26153) DEVIPURVA CHAURAHA,KanpurDehat,"2022-04-30",1.00
"24031",( 24031) GANDHI NAGAR,Unnao,"2022-04-30",96.00
"29836",( 29836) BARA,Pryagraj,"2022-04-30",1.00
"30151",( 30151) DIGOI NEAR STANDARD PETROL PUMP (FROM 220 METER TO NATIONAL STATE HIGHWAY),Lucknow,"2022-04-30",8.00
"30182",( 30182) SARAI PREMRAJ,Lucknow,"2022-04-30",4.00
"26683",( 26683) BADAGAON KAHINJARI,KanpurDehat,"2022-04-30",1.00
"26917",( 26917) MADHAPUR ROAD BANGARMAU,Unnao,"2022-04-30",150.00
"30287",( 30287) BHAGWANPUR (FROM 220 METER TO NATIONAL HIGHWAY),Lucknow,"2022-04-30",2.00
"17441",( 17441) LILMATHA (CANTT ROAD TEMPO STAND),Lucknow,"2022-04-30",3.00
"27126",( 27126) MAURAWAN,Unnao,"2022-04-30",3.00
"27285",( 27285) RAWATPUR,KanpurNagar,"2022-04-30",3.00
"27945",( 27945) DEVIPURVA CHAURAHA,KanpurDehat,"2022-04-30",1.00
"14453",( 14453) PHAPHAMAU,Pryagraj,"2022-04-30",5.00
"28445",( 28445) BADAGAON KAHINJARI,KanpurDehat,"2022-04-30",3.00
"27310",( 27310) TIKARA,KanpurNagar,"2022-04-30",2.00
"26710",( 26710) GANDHI NAGAR,Unnao,"2022-04-30",19.00
"27097",( 27097) PURWA BUS ADDA,Unnao,"2022-04-30",1.00
"25872",( 25872) BANIPARA JINAI,KanpurDehat,"2022-04-30",2.00
"17536",( 17536) MAHARSHIPURAM-(A),Agra,"2022-04-30",2.00
"27267",( 27267) BANGERMAU,Unnao,"2022-04-30",8.00
"27653",( 27653) BIHAR,Unnao,"2022-04-30",11.00
"34030",( 34030) RAWATPUR- 27148 (B),KanpurNagar,"2022-04-30",6.00
"28613",( 28613) SARSAUL,KanpurNagar,"2022-04-30",1.00
"35404",( 35404) SUDHAULI MOD (HIGHWAY SE 220 METER DUR),Lucknow,"2022-04-30",3.00
"27132",( 27132) BASHA CHAURAHA,Unnao,"2022-04-30",1.00
"17152",( 17152) GARAPUR,Pryagraj,"2022-04-30",2.00
"28661",( 28661) TIKRA,KanpurNagar,"2022-04-30",1.00
"30174",( 30174) NARAINPUR GAHDO,Lucknow,"2022-04-30",1.00
"14659",( 14659) HOLAGARH,Pryagraj,"2022-04-30",3.00
"27626",( 27626) REUNA,KanpurNagar,"2022-04-30",1.00
"30013",( 30013) SHANKARGARH,Pryagraj,"2022-04-30",1.00
"27153",( 27153) NGHARI (HAFIZABAD),Unnao,"2022-04-30",6.00
"34689",( 34689) CHITWAPUR ROAD ( P C F BHAWAN SE RANA PRATAP CHOWK KE MADHYA),Lucknow,"2022-04-30",1.00
"20030",( 20030) TAKROHI BAZAAR,Lucknow,"2022-04-30",16.00
"21148",( 21148) TIKRA,KanpurNagar,"2022-04-30",2.00
"35307",( 35307) DHOLBAJA CHAURAHA,Lucknow,"2022-04-30",1.00
"18679",( 18679) SHAHDARA SE NUNIHAI MARG-(A),Agra,"2022-04-30",2.00
"27573",( 27573) BIHAR,Unnao,"2022-04-30",10.00
"34033",( 34033) GURU DEV CHOURAHA- 27179 (B),KanpurNagar,"2022-04-30",3.00
"30257",( 30257) DURGAGANJ RAILWAY CROSSING,Lucknow,"2022-04-30",7.00
"28843",( 28843) SEEMANT NAGAR (KANCHAN BIHARI MARG),Lucknow,"2022-04-30",5.00
"29946",( 29946) SHANKARGARH,Pryagraj,"2022-04-30",1.00
"29395",( 29395) SARAIYA (RAMPUR BEHRA CHAURAHA SITAPUR ROAD)(FROM 220 METER NATIONAL STATE HIGHWAY),Lucknow,"2022-04-30",1.00
"20313",( 20313) KAMTA FAIZABAD ROAD,Lucknow,"2022-04-30",11.00
"21174",( 21174) MAKSOODABAD,KanpurNagar,"2022-04-30",1.00
"28790",( 28790) SHANKAR CHAURAHA GOMTI NAGAR,Lucknow,"2022-04-30",1.00
"29333",( 29333) HOLAGARH,Pryagraj,"2022-04-30",3.00
"27307",( 27307) GURU DEV CHAURAHA,KanpurNagar,"2022-04-30",5.00
"26701",( 26701) MOTINAGAR,Unnao,"2022-04-30",1.00
"28057",( 28057) TIGAI,KanpurDehat,"2022-04-30",1.00
"26702",( 26702) J K FIRST,KanpurNagar,"2022-04-30",4.00
"27424",( 27424) PURWA,Unnao,"2022-04-30",5.00
"30345",( 30345) SITARAM PURWA,Lucknow,"2022-04-30",1.00
"22251",( 22251) DURGAGANJ CHAURAHA ( 220 METER AWAY FROM NATIONAL STATE HIGHWAY),Lucknow,"2022-04-30",3.00
"25198",( 25198) ETMADPUR,Agra,"2022-04-30",6.00
"27369",( 27369) BIHAR,Unnao,"2022-04-30",10.00
"30066",( 30066) SHANKAR CHAURAHA GOMTI NAGAR,Lucknow,"2022-04-30",3.00
"21911",( 21911) DIGHIYA BAZAR,Pryagraj,"2022-04-30",1.00
"29510",( 29510) KALANDARPUR,Pryagraj,"2022-04-30",5.00
"15955",( 15955) SAHIDAGANJ,Pryagraj,"2022-04-30",2.00
"26222",( 26222) AURAS BAZAR,Unnao,"2022-04-30",3.00
"23233",( 23233) PATRAKAR PURAM NO-2(NEAR MANOJ PANMDEY CHAURAHA ),Lucknow,"2022-04-30",3.00
"29950",( 29950) KARCHHANA,Pryagraj,"2022-04-30",4.00
"27644",( 27644) TEDHA,Unnao,"2022-04-30",11.00
"29368",( 29368) HARDOI ROAD DURGAGANJ (FROM 220 METER TO NATIONAL STATE HIGHWAY),Lucknow,"2022-04-30",2.00
"26725",( 26725) WAJIDPUR BAIPASS,Unnao,"2022-04-30",3.00
"14742",( 14742) KALANDARPUR,Pryagraj,"2022-04-30",2.00
"14701",( 14701) DAHIYAWAN,Pryagraj,"2022-04-30",1.00
"19923",( 19923) BHARWARI NO - 2,Kaushambhi,"2022-04-30",1.00
"30004",( 30004) KARCHHANA,Pryagraj,"2022-04-30",2.00
"30226",( 30226) PARA TIRAHA,Lucknow,"2022-04-30",11.00
"28780",( 28780) TAKHWA CHAURAHA GOMTI NAGAR,Lucknow,"2022-04-30",4.00
"28879",( 28879) MANAS NAGAR TIRAHA INDIRANAGAR (PICNIC SPOT ROAD),Lucknow,"2022-04-30",46.00
"25666",( 25666) GADAN KHEDA,Unnao,"2022-04-30",3.00
"27251",( 27251) SHEETALGANJ,Unnao,"2022-04-30",48.00
"35340",( 35340) KOYLA NAGAR,KanpurNagar,"2022-04-30",1.00
"30024",( 30024) KAPARI,Pryagraj,"2022-04-30",1.00
"29992",( 29992) KAPARI MOD,Pryagraj,"2022-04-30",1.00
"30229",( 30229) LODHAI MALIHABAD,Lucknow,"2022-05-01",1.00
"29333",( 29333) HOLAGARH,Pryagraj,"2022-05-01",9.00
"30250",( 30250) AMETHIYA SALEMPUR PS KAKORI,Lucknow,"2022-05-01",21.00
"27327",( 27327) GANJMURADABAD,Unnao,"2022-05-01",300.00
"30115",( 30115) RAM PRASAD KHEDA (PS MANAK NAGAR),Lucknow,"2022-05-01",2.00
"33937",( 33937) MAVAIYA (OVER BRIDGE NEAR RAILWAY CROSSING)- 29568 (B),Lucknow,"2022-05-01",46.00
"28879",( 28879) MANAS NAGAR TIRAHA INDIRANAGAR (PICNIC SPOT ROAD),Lucknow,"2022-05-01",1.00
"30085",( 30085) BHARWARA RAILWAY CROSSING,Lucknow,"2022-05-01",109.00
"26585",( 26585) GANJ MORADABAD,Unnao,"2022-05-01",661.00
"26789",( 26789) BANGARMAU (SANDILA ROAD),Unnao,"2022-05-01",336.00
"27078",( 27078) GANJMURADABAD,Unnao,"2022-05-01",82.00
"33906",( 33906) SHYAM NAGAR (NEAR MANAK NAGAR STATION)- 30117 (B),Lucknow,"2022-05-01",135.00
"24031",( 24031) GANDHI NAGAR,Unnao,"2022-05-01",31.00
"26917",( 26917) MADHAPUR ROAD BANGARMAU,Unnao,"2022-05-01",441.00
"26496",( 26496) CHAMRAULI,Unnao,"2022-05-01",12.00
"29510",( 29510) KALANDARPUR,Pryagraj,"2022-05-01",6.00
"27246",( 27246) GOMAPUR,Unnao,"2022-05-01",7.00
"28469",( 28469) AAUNAHA,KanpurDehat,"2022-05-01",2.00
"34974",( 34974) SASPAN NAHER KE PASS,Lucknow,"2022-05-01",3.00
"28703",( 28703) AMRAPALI CHAURAHA,Lucknow,"2022-05-01",17.00
"29587",( 29587) CHANDAN NAGAR (NATKHEDA ROAD)-(A),Lucknow,"2022-05-01",649.00
"27256",( 27256) SAFIPUR,Unnao,"2022-05-01",21.00
"27251",( 27251) SHEETALGANJ,Unnao,"2022-05-01",169.00
"26847",( 26847) AJGAIN,Unnao,"2022-05-01",103.00
"26970",( 26970) BANGARMAU,Unnao,"2022-05-01",9.00
"26555",( 26555) BANGARMAU TIRAHA,Unnao,"2022-05-01",14.00
"27004",( 27004) JAJAMAU,Unnao,"2022-05-01",98.00
"26177",( 26177) SEEMAU,Unnao,"2022-05-01",169.00
"29589",( 29589) ANAND NAGAR,Lucknow,"2022-05-01",5.00
"22350",( 22350) KASMANDI KALAN,Lucknow,"2022-05-01",5.00
"25515",( 25515) AURAS,Unnao,"2022-05-01",19.00
"30155",( 30155) NABIKOT NANDANA,Lucknow,"2022-05-01",1.00
"29575",( 29575) MOHARI KALAN (MOHANLALGANJ-GOSAIGANJ ROAD) (PS GOSAIGANJ),Lucknow,"2022-05-01",62.00
"27328",( 27328) TAKIYA,Unnao,"2022-05-01",3.00
"35298",( 35298) RAHTTA (GAHDO-RAHEEMABAD SAMPARK MARG),Lucknow,"2022-05-01",1.00
"26710",( 26710) GANDHI NAGAR,Unnao,"2022-05-01",30.00
"27196",( 27196) DAREHTA,Unnao,"2022-05-01",8.00
"27396",( 27396) SUMERPUR,Unnao,"2022-05-01",12.00
"35790",( 35790) TENSHAH ALMABAD,Kaushambhi,"2022-05-01",1.00
"16832",( 16832) KASERU KALA,Pryagraj,"2022-05-01",1.00
"26674",( 26674) DABAULI,Unnao,"2022-05-01",2.00
"17441",( 17441) LILMATHA (CANTT ROAD TEMPO STAND),Lucknow,"2022-05-01",2.00
"30159",( 30159) PARVATPUR,Lucknow,"2022-05-01",2.00
"24054",( 24054) STATION ROAD,Unnao,"2022-05-01",12.00
"29606",( 29606) ARJUNGANJ (SULTANPUR ROAD PS CANTT),Lucknow,"2022-05-01",6.00
"26901",( 26901) MELA RAM KUNWAR,Unnao,"2022-05-01",568.00
"27618",( 27618) DAREHTA,Unnao,"2022-05-01",3.00
"14384",( 14384) NAINI NO.1 (MEVALAL KI BAGIYA),Pryagraj,"2022-05-01",1.00
"30168",( 30168) SAIDAPUR CHAURAHA,Lucknow,"2022-05-01",3.00
"26479",( 26479) AJGAIN,Unnao,"2022-05-01",64.00
"22472",( 22472) SAIDAPUR,Lucknow,"2022-05-01",4.00
"35805",( 35805) JUGGOR GRAM,Lucknow,"2022-05-01",17.00
"27631",( 27631) PATAN,Unnao,"2022-05-01",1.00
"25449",( 25449) AJGAIN,Unnao,"2022-05-01",212.00
"25632",( 25632) SHISHI CHAURAHA,Unnao,"2022-05-01",83.00
"26877",( 26877) CHAMRAULI,Unnao,"2022-05-01",3.00
"26740",( 26740) ANGADPUR,KanpurDehat,"2022-05-01",1.00
"30226",( 30226) PARA TIRAHA,Lucknow,"2022-05-01",2.00
"28843",( 28843) SEEMANT NAGAR (KANCHAN BIHARI MARG),Lucknow,"2022-05-01",3.00
"26915",( 26915) NAWAI,Unnao,"2022-05-01",28.00
"27408",( 27408) MANIKAPUR,Unnao,"2022-05-01",172.00
"26455",( 26455) SAFIPUR (MIYAGANJ ROAD),Unnao,"2022-05-01",12.00
"25601",( 25601) STATION ROAD,Unnao,"2022-05-01",6.00
"27553",( 27553) PAATAN,Unnao,"2022-05-01",7.00
"30211",( 30211) SASPAN NEAR NAHAR,Lucknow,"2022-05-01",1.00
"27363",( 27363) FATEHPUR CHAURASI,Unnao,"2022-05-01",4.00
"28904",( 28904) BHARWARA (WITHIN 100 MT FROM RAILWAY CROSSING ),Lucknow,"2022-05-01",10.00
"34106",( 34106) LAL BANGLA- 18255 (B),KanpurNagar,"2022-05-01",1.00
"30343",( 30343) DIGHARI MOD (NIGOHA NAGRAM ROAD) PS NIGOHAN-(A),Lucknow,"2022-05-01",3.00
"27482",( 27482) AKOHARI CHAURAHA,Unnao,"2022-05-01",4.00
"26606",( 26606) NAWAI,Unnao,"2022-05-01",2.00
"26953",( 26953) SAFIPUR (MIYANGANJ ROAD),Unnao,"2022-05-01",6.00
"26503",( 26503) LAL BANGLA N.2 (HARJENDAR NAGAR KE PAAS),KanpurNagar,"2022-05-01",1.00
"26950",( 26950) BALLAPUR CHAURAHA,Unnao,"2022-05-01",232.00
"23469",( 23469) MOHANLALGANJ ( 220 METER AWAY FROM NATIONAL HIGHWAY),Lucknow,"2022-05-01",7.00
"25606",( 25606) BHUDKUDI,Unnao,"2022-05-01",115.00
"23489",( 23489) UNNAO SADAR-(A),Unnao,"2022-05-01",5.00
"26092",( 26092) NAWAI,Unnao,"2022-05-01",11.00
"27547",( 27547) BHAGWANT NAGAR,Unnao,"2022-05-01",12.00
"27132",( 27132) BASHA CHAURAHA,Unnao,"2022-05-01",3.00
"26658",( 26658) FATEHPUR CHAURASI,Unnao,"2022-05-01",10.00
"26081",( 26081) AJGAIN BAZAR,Unnao,"2022-05-01",5.00
"26748",( 26748) SAFIPUR (MIYANGANJ ROAD),Unnao,"2022-05-01",3.00
"27045",( 27045) REUNA,KanpurNagar,"2022-05-01",2.00
"20557",( 20557) SHAHGANJ-(A),Agra,"2022-05-01",10.00
"25021",( 25021) SABJI MANDI UNNAO (BUS STATION SE BADE CHAURAHE KE BEECH),Unnao,"2022-05-01",3.00
"34066",( 34066) LAL BANGLA N.1 (KALI BAADI)- 26467 (B),KanpurNagar,"2022-05-01",1.00
"26356",( 26356) BACHAULI,Unnao,"2022-05-01",4.00
"27603",( 27603) AKOHARI CHAURAHA,Unnao,"2022-05-01",17.00
"26735",( 26735) GADAN KHEDA,Unnao,"2022-05-01",3.00
"26458",( 26458) RAHATGANJ,Unnao,"2022-05-01",2.00
"30023",( 30023) GAZIPUR (KAILASH KUNJ)-(A),Lucknow,"2022-05-01",2.00
"23152",( 23152) CHINAHAT TIRAHA,Lucknow,"2022-05-01",11.00
"27086",( 27086) FATEHPUR CHAURASI,Unnao,"2022-05-01",11.00
"30083",( 30083) GOMTI NAGAR PHASE -2(POLICE CHOWKI MAQDOOMPUR 100 METER KI PARIDHI MEIN),Lucknow,"2022-05-01",1.00
"27344",( 27344) BAKSAR,Unnao,"2022-05-01",12.00
"26716",( 26716) SHUKLAGANJ,Unnao,"2022-05-01",13.00
"14301",( 14301) GAUTAM BUDDHA MARG NEAR MOHAN HOTEL,Lucknow,"2022-05-01",1.00
"18514",( 18514) RAMA DEVI CHAURAHA KE PAAS NAUBASTA ROAD,KanpurNagar,"2022-05-01",1.00
"27487",( 27487) BHAGWANT NAGAR BUS ADDA,Unnao,"2022-05-01",11.00
"34714",( 34714) RAMPUR GADHAOVA,Unnao,"2022-05-01",4.00
"25952",( 25952) FARAHADPUR PULIYA,Unnao,"2022-05-01",12.00
"34800",( 34800) GULRIHA,Unnao,"2022-05-01",2.00
"26799",( 26799) NAWABGANJ,Unnao,"2022-05-01",4.00
"26643",( 26643) KALI MITTI,Unnao,"2022-05-01",154.00
"27499",( 27499) ANNA CHAURAHA,KanpurNagar,"2022-05-01",1.00
"27612",( 27612) ASOHA,Unnao,"2022-05-01",154.00
"22176",( 22176) PARSARA,Kaushambhi,"2022-05-01",2.00
"29956",( 29956) UDDHAVDAS KA PURA-MAMA BHANJA KA TALAB,Pryagraj,"2022-05-01",1.00
"26631",( 26631) FARAHADPUR PULIYA,Unnao,"2022-05-01",6.00
"26983",( 26983) BRAHMNA,Unnao,"2022-05-01",2.00
"24855",( 24855) GADANKHEDA,Unnao,"2022-05-01",5.00
"26333",( 26333) NAWABGANJ,Unnao,"2022-05-01",18.00
"30381",( 30381) KATAHULA GAUSPUR,Pryagraj,"2022-05-01",3.00
"26163",( 26163) LOKAIY KHEDA,Unnao,"2022-05-01",1.00
"29552",( 29552) SAMESI (PS NAGRAM),Lucknow,"2022-05-01",3.00
"26796",( 26796) NAGAR RANJIT KHEDA,Unnao,"2022-05-01",15.00
"25138",( 25138) SABJIMANDI SHUKLAGANJ,Unnao,"2022-05-01",6.00
"25158",( 25158) LOKAYEYA KHEDA (NIKAT CHAURMOD),Unnao,"2022-05-01",4.00
"34872",( 34872) DEPUTY GANJ,Lucknow,"2022-05-01",1.00
"27642",( 27642) BHAGWANT NAGAR,Unnao,"2022-05-01",4.00
"23964",( 23964) ALAMBAGH (MAUNI BABA MARKET),Lucknow,"2022-05-01",7.00
"27297",( 27297) KALI MITTI,Unnao,"2022-05-01",2.00
"30001",( 30001) MAMA BHANJA KA TALAB,Pryagraj,"2022-05-01",1.00
"25649",( 25649) MOHAN,Unnao,"2022-05-01",110.00
"25978",( 25978) JAMALNAGAR,Unnao,"2022-05-01",13.00
"27276",( 27276) MAWAI,Unnao,"2022-05-01",5.00
"25112",( 25112) LULIPURWA,Unnao,"2022-05-01",3.00
"25749",( 25749) NAWABGANJ NUMBER- 1,Unnao,"2022-05-01",17.00
"33601",( 33601) R.S. CHAURAHA BANGARMAU- 26994 (B),Unnao,"2022-05-01",4.00
"23833",( 23833) GADANKHEDA,Unnao,"2022-05-01",8.00
"33701",( 33701) M G MARG- 22021 (B),Lucknow,"2022-05-01",1.00
"28892",( 28892) SADAR RAILWAY CROSSING,Lucknow,"2022-05-01",2.00
"27524",( 27524) ASOHA,Unnao,"2022-05-01",44.00
"27019",( 27019) KALI MITTI,Unnao,"2022-05-01",2.00
"29356",( 29356) NEAR BIKHAPURWA MOD MUSANAGAR (FROM 220 METER TO NATIONAL STATE HIGHWAY),Lucknow,"2022-05-01",10.00
"27161",( 27161) ASOHA,Unnao,"2022-05-01",166.00
"27304",( 27304) JAMALDIPUR,Unnao,"2022-05-01",30.00
"25639",( 25639) DARYAYEE KHEDA,Unnao,"2022-05-01",2.00
"24854",( 24854) P.D. NAGAR,Unnao,"2022-05-01",7.00
"34676",( 34676) KATAHULA-GAUSPUR,Pryagraj,"2022-05-01",4.00
"25495",( 25495) SITARAM CALONY (SHUKLA GANJ),Unnao,"2022-05-01",1.00
"27054",( 27054) JAMALDIPUR,Unnao,"2022-05-01",15.00
"22878",( 22878) SAMESI PS NAGRAM,Lucknow,"2022-05-01",1.00
"27525",( 27525) HAMIRPUR,Unnao,"2022-05-01",3.00
"26033",( 26033) TONDA,Unnao,"2022-05-01",8.00
"26457",( 26457) MOHAN,Unnao,"2022-05-01",22.00
"23685",( 23685) KABBA KHERA,Unnao,"2022-05-01",3.00
"23265",( 23265) BHADEVNA,KanpurNagar,"2022-05-01",2.00
"27928",( 27928) SARGAON BUJURG,KanpurDehat,"2022-05-01",1.00
"28689",( 28689) MATIYARI CHAURAHA,Lucknow,"2022-05-01",2.00
"26485",( 26485) MAKDUMPUR,Unnao,"2022-05-01",6.00
"26765",( 26765) MAATHAR,Unnao,"2022-05-01",27.00
"25126",( 25126) MISHRA COLONEY,Unnao,"2022-05-01",3.00
"26633",( 26633) GAHRA,KanpurDehat,"2022-05-01",1.00
"23289",( 23289) UDAIGANJ,Lucknow,"2022-05-01",2.00
"27422",( 27422) JAPSRA,Unnao,"2022-05-01",2.00
"34795",( 34795) KARDAHA,Unnao,"2022-05-01",1.00
"17937",( 17937) PIPAL GAON,Pryagraj,"2022-05-01",12.00
"26853",( 26853) MOHAN,Unnao,"2022-05-01",12.00
"26870",( 26870) MAKDUMPUR,Unnao,"2022-05-01",5.00
"29936",( 29936) GAUHANIYA BAZAR,Pryagraj,"2022-05-01",1.00
"25792",( 25792) ADARSH NAGAR,Unnao,"2022-05-01",3.00
"23803",( 23803) RAMSARI,KanpurNagar,"2022-05-01",2.00
"34812",( 34812) JHAKHARBAGH CHAURAHA,Lucknow,"2022-05-01",1.00
"24950",( 24950) KABBA KHEDA,Unnao,"2022-05-01",5.00
"27461",( 27461) BHADEWRA,Unnao,"2022-05-01",3.00
"34942",( 34942) KHSARWARA,Lucknow,"2022-05-01",2.00
"24684",( 24684) ADARSH NAGAR TEMPO STAND,Unnao,"2022-05-01",5.00
"26680",( 26680) JAMALDIPUR,Unnao,"2022-05-01",5.00
"26230",( 26230) INAYAT PUR,Unnao,"2022-05-01",32.00
"23367",( 23367) GUCCHUPUR,KanpurNagar,"2022-05-01",1.00
"27166",( 27166) KAANTHA,Unnao,"2022-05-01",3.00
"27589",( 27589) HILAULI,Unnao,"2022-05-01",3.00
"25155",( 25155) KASHIRAM COLONEY,Unnao,"2022-05-01",26.00
"27275",( 27275) TAKIYA CHAURAHA,Unnao,"2022-05-01",6.00
"25727",( 25727) HAJIPUR TERHA,Unnao,"2022-05-01",10.00
"17377",( 17377) JHALWA TIRAHA,Pryagraj,"2022-05-01",3.00
"27569",( 27569) BAKSAR,Unnao,"2022-05-01",2.00
"27334",( 27334) BHAGWANT NAGAR (CHAUKI CHAURAHA),Unnao,"2022-05-01",22.00
"26103",( 26103) JOGA SARAI,Unnao,"2022-05-01",52.00
"28855",( 28855) PANWARI MARG NAGLA SOHANLAL-(A),Agra,"2022-05-01",1.00
"27459",( 27459) HILAULI,Unnao,"2022-05-01",27.00
"26862",( 26862) ENAYATPUR,Unnao,"2022-05-01",88.00
"30151",( 30151) DIGOI NEAR STANDARD PETROL PUMP (FROM 220 METER TO NATIONAL STATE HIGHWAY),Lucknow,"2022-05-01",3.00
"29298",( 29298) NAHAR DADAULI,Pryagraj,"2022-05-01",2.00
"26863",( 26863) BHAINSHARA CHAURAHA,Unnao,"2022-05-01",1.00
"26992",( 26992) TAKIYA CHAURAHA,Unnao,"2022-05-01",43.00
"27146",( 27146) HILAULI,Unnao,"2022-05-01",6.00
"22966",( 22966) PIHANI,KanpurNagar,"2022-05-01",2.00
"25267",( 25267) SINGHUPUR,Unnao,"2022-05-01",1.00
"27439",( 27439) KANTHA,Unnao,"2022-05-01",5.00
"27501",( 27501) JAGATPUR,Unnao,"2022-05-01",90.00
"26121",( 26121) UNCHDWAR TIRAHA,Unnao,"2022-05-01",7.00
"20553",( 20553) ASHOK TALKIES CHAURAHA,Pryagraj,"2022-05-01",3.00
"21555",( 21555) JAMANIYA BAZAR,Pryagraj,"2022-05-01",23.00
"35677",( 35677) GADANPUR CHORSA,KanpurNagar,"2022-05-01",3.00
"26649",( 26649) RAMDEEN KHEDA,Unnao,"2022-05-01",21.00
"15906",( 15906) KOTWA,Pryagraj,"2022-05-01",1.00
"26534",( 26534) TAKIYA CHAURAHA,Unnao,"2022-05-01",7.00
"14419",( 14419) ASHOK TALKIES CHAURAHA,Pryagraj,"2022-05-01",2.00
"27255",( 27255) BIKAMAU,Unnao,"2022-05-01",10.00
"30184",( 30184) MARPA (MADHWAPUR) (FROM 220 METER TO NATIONAL STATE HIGHWAY),Lucknow,"2022-05-01",57.00
"27162",( 27162) BENDA,KanpurNagar,"2022-05-01",1.00
"27102",( 27102) RAJA BAZAR,Unnao,"2022-05-01",5.00
"26404",( 26404) CHAMRAULI,Unnao,"2022-05-01",13.00
"25903",( 25903) DHAURA,Unnao,"2022-05-01",5.00
"27238",( 27238) TRISROUR,Unnao,"2022-05-01",3.00
"28677",( 28677) RATAN LAL NAGAR 2 KESA CHAURAHA,KanpurNagar,"2022-05-01",4.00
"27153",( 27153) NGHARI (HAFIZABAD),Unnao,"2022-05-01",5.00
"23437",( 23437) BAKSHI KA TALAAB,Lucknow,"2022-05-01",1.00
"17548",( 17548) PIPAL GAON,Pryagraj,"2022-05-01",2.00
"25083",( 25083) JAMANIYA,Pryagraj,"2022-05-01",5.00
"20030",( 20030) TAKROHI BAZAAR,Lucknow,"2022-05-01",1.00
"24329",( 24329) BENDA,KanpurNagar,"2022-05-01",1.00
"35380",( 35380) GADHA,Lucknow,"2022-05-01",1.00
"29642",( 29642) KOTWA MOD,Pryagraj,"2022-05-01",3.00
"27341",( 27341) UNCHGAON,Unnao,"2022-05-01",2.00
"27586",( 27586) PURWA,Unnao,"2022-05-01",1.00
"30320",( 30320) KASIMPUR BIRUHA,Lucknow,"2022-05-01",1.00
"30178",( 30178) RAM NAGAR (MAL),Lucknow,"2022-05-01",9.00
"27335",( 27335) LAKHANPUR,KanpurNagar,"2022-05-01",5.00
"27448",( 27448) RATAN LAL NAGAR,KanpurNagar,"2022-05-01",1.00
"20313",( 20313) KAMTA FAIZABAD ROAD,Lucknow,"2022-05-01",1.00
"26725",( 26725) WAJIDPUR BAIPASS,Unnao,"2022-05-01",2.00
"35310",( 35310) SEN PURAB PARA,KanpurNagar,"2022-05-01",1.00
"27649",( 27649) UNCHGAON,Unnao,"2022-05-01",2.00
"27562",( 27562) UNCHGAON,Unnao,"2022-05-01",2.00
"26905",( 26905) MAKANPUR,KanpurNagar,"2022-05-01",1.00
"26240",( 26240) PAINTHAR GOKULPUR MARG,Unnao,"2022-05-01",53.00
"27515",( 27515) SAHRAWAN,Unnao,"2022-05-01",2.00
"25888",( 25888) HASANGANJ,Unnao,"2022-05-01",4.00
"21329",( 21329) C.T.I.,KanpurNagar,"2022-05-01",3.00
"27183",( 27183) DARIYAAR KHEDA,Unnao,"2022-05-01",2.00
"26844",( 26844) HASANGANJ,Unnao,"2022-05-01",8.00
"27253",( 27253) MANDHNA,KanpurNagar,"2022-05-01",2.00
"25772",( 25772) C.T.I.,KanpurNagar,"2022-05-01",1.00
"28994",( 28994) CHIBILA BAZAR,Pryagraj,"2022-05-01",1.00
"26468",( 26468) HASANGANJ,Unnao,"2022-05-01",3.00
"21883",( 21883) MANDA ROAD CHILBILA,Pryagraj,"2022-05-01",1.00
"21599",( 21599) UCHDEEH,Pryagraj,"2022-05-01",4.00
"29948",( 29948) SHANKARGARH LINE PAR,Pryagraj,"2022-05-01",1.00
"34055",( 34055) BARRA 2- 27479 (B),KanpurNagar,"2022-05-01",1.00
"27671",( 27671) BARRA 2,KanpurNagar,"2022-05-01",1.00
"34816",( 34816) SASPAN NAHER KE PASS,Lucknow,"2022-05-01",1.00
"26213",( 26213) MADNAPUR,Unnao,"2022-05-01",4.00
"26196",( 26196) NARAYANPUR,Unnao,"2022-05-01",4.00
"34714",( 34714) RAMPUR GADHAOVA,Unnao,"2022-05-02",2.00
"26356",( 26356) BACHAULI,Unnao,"2022-05-02",1.00
"21555",( 21555) JAMANIYA BAZAR,Pryagraj,"2022-05-02",4.00
"26789",( 26789) BANGARMAU (SANDILA ROAD),Unnao,"2022-05-02",46.00
"26230",( 26230) INAYAT PUR,Unnao,"2022-05-02",2.00
"27341",( 27341) UNCHGAON,Unnao,"2022-05-02",25.00
"30250",( 30250) AMETHIYA SALEMPUR PS KAKORI,Lucknow,"2022-05-02",16.00
"26917",( 26917) MADHAPUR ROAD BANGARMAU,Unnao,"2022-05-02",8.00
"25649",( 25649) MOHAN,Unnao,"2022-05-02",40.00
"27612",( 27612) ASOHA,Unnao,"2022-05-02",15.00
"26643",( 26643) KALI MITTI,Unnao,"2022-05-02",121.00
"27251",( 27251) SHEETALGANJ,Unnao,"2022-05-02",4.00
"33906",( 33906) SHYAM NAGAR (NEAR MANAK NAGAR STATION)- 30117 (B),Lucknow,"2022-05-02",76.00
"26950",( 26950) BALLAPUR CHAURAHA,Unnao,"2022-05-02",2.00
"26479",( 26479) AJGAIN,Unnao,"2022-05-02",4.00
"26901",( 26901) MELA RAM KUNWAR,Unnao,"2022-05-02",226.00
"25606",( 25606) BHUDKUDI,Unnao,"2022-05-02",25.00
"26585",( 26585) GANJ MORADABAD,Unnao,"2022-05-02",61.00
"27408",( 27408) MANIKAPUR,Unnao,"2022-05-02",4.00
"28879",( 28879) MANAS NAGAR TIRAHA INDIRANAGAR (PICNIC SPOT ROAD),Lucknow,"2022-05-02",2.00
"26457",( 26457) MOHAN,Unnao,"2022-05-02",3.00
"27078",( 27078) GANJMURADABAD,Unnao,"2022-05-02",4.00
"27334",( 27334) BHAGWANT NAGAR (CHAUKI CHAURAHA),Unnao,"2022-05-02",10.00
"27276",( 27276) MAWAI,Unnao,"2022-05-02",1.00
"24031",( 24031) GANDHI NAGAR,Unnao,"2022-05-02",1.00
"29333",( 29333) HOLAGARH,Pryagraj,"2022-05-02",1.00
"21329",( 21329) C.T.I.,KanpurNagar,"2022-05-02",1.00
"26333",( 26333) NAWABGANJ,Unnao,"2022-05-02",18.00
"26631",( 26631) FARAHADPUR PULIYA,Unnao,"2022-05-02",1.00
"27161",( 27161) ASOHA,Unnao,"2022-05-02",1.00
"25749",( 25749) NAWABGANJ NUMBER- 1,Unnao,"2022-05-02",2.00
"35805",( 35805) JUGGOR GRAM,Lucknow,"2022-05-02",29.00
"26686",( 26686) PAWA,Unnao,"2022-05-02",9.00
"12516",( 12516) STATION ROAD NO. 3-(A),Pryagraj,"2022-05-02",1.00
"25138",( 25138) SABJIMANDI SHUKLAGANJ,Unnao,"2022-05-02",147.00
"23764",( 23764) CHHATHAMEEL,Lucknow,"2022-05-02",3.00
"27092",( 27092) KORIYA CHAURAHA,KanpurNagar,"2022-05-02",2.00
"17485",( 17485) STATION ROAD NO. 3,Pryagraj,"2022-05-02",1.00
"30236",( 30236) RAIPUR PS MALL,Lucknow,"2022-05-02",5.00
"25335",( 25335) DIGHIYA BAZAR,Pryagraj,"2022-05-02",2.00
"19704",( 19704) KANAILI,Kaushambhi,"2022-05-02",4.00
"34858",( 34858) SAGARA NALA (SKY CRYSTAL TOWER SE ROHTAS APARTMENT KE MADHYA),Lucknow,"2022-05-02",2.00
"30000",( 30000) RAMNA RING ROAD,Lucknow,"2022-05-02",2.00
"19183",( 19183) CHAYAL,Kaushambhi,"2022-05-02",2.00
"27188",( 27188) JORAVAR GANJ,Unnao,"2022-05-02",46.00
"29575",( 29575) MOHARI KALAN (MOHANLALGANJ-GOSAIGANJ ROAD) (PS GOSAIGANJ),Lucknow,"2022-05-02",1.00
"23424",( 23424) GAJIYA KHERA KARHADAL DHANPUR,Unnao,"2022-05-02",2.00
"30017",( 30017) HUSADIYA CHAURAHA GOMTI NAGAR,Lucknow,"2022-05-02",2.00
"29614",( 29614) SIKANDARA,Pryagraj,"2022-05-02",1.00
"29468",( 29468) FAIZULLAHGANJ(FAIZULLAHGANJ CHAURAHE SE GHAILA MARG LAKSHMI NAGAR TAK),Lucknow,"2022-05-02",1.00
"26167",( 26167) RAMPUR KHANJRI,Unnao,"2022-05-02",154.00
"23608",( 23608) DIGHIYA,Pryagraj,"2022-05-02",2.00
"13403",( 13403) STATION ROAD (LEADER ROAD)-(A),Pryagraj,"2022-05-02",1.00
"26980",( 26980) CHAKALVANSI,Unnao,"2022-05-02",5.00
"20770",( 20770) CHAYAL,Kaushambhi,"2022-05-02",3.00
"26280",( 26280) SHIWLI,KanpurDehat,"2022-05-02",3.00
"25519",( 25519) GAJIYA KHEDA KARHADAL NARAYANPUR,Unnao,"2022-05-02",4.00
"4217",( 4217) KHULDABAD,Pryagraj,"2022-05-02",1.00
"29943",( 29943) DANDI,Pryagraj,"2022-05-02",1.00
"27304",( 27304) JAMALDIPUR,Unnao,"2022-05-02",99.00
"27288",( 27288) CHAKALVANSI,Unnao,"2022-05-02",4.00
"27226",( 27226) DARSAVA,Unnao,"2022-05-02",47.00
"23935",( 23935) BHAWANI BAZAR JANKIPURAM EXTENSION,Lucknow,"2022-05-02",1.00
"29538",( 29538) KHUJAULI CHAURAHA (PS MOHANLALGANJ),Lucknow,"2022-05-02",2.00
"27054",( 27054) JAMALDIPUR,Unnao,"2022-05-02",53.00
"17671",( 17671) KANAILI,Kaushambhi,"2022-05-02",4.00
"26472",( 26472) CHAKALVANSHI,Unnao,"2022-05-02",13.00
"35311",( 35311) LUDHORA BAZAR,Lucknow,"2022-05-02",2.00
"24891",( 24891) AKHARI SHAHPUR,Pryagraj,"2022-05-02",2.00
"21155",( 21155) KHAN CHAURAHA-MAHEWA ROAD,Pryagraj,"2022-05-02",1.00
"22696",( 22696) CHAYAL,Kaushambhi,"2022-05-02",6.00
"26064",( 26064) DEVTARA,Unnao,"2022-05-02",32.00
"26890",( 26890) POWER HOUSE BANGARMAU,Unnao,"2022-05-02",3.00
"33937",( 33937) MAVAIYA (OVER BRIDGE NEAR RAILWAY CROSSING)- 29568 (B),Lucknow,"2022-05-02",68.00
"17234",( 17234) KARELABAGH,Pryagraj,"2022-05-02",1.00
"27575",( 27575) SARAI MANIHAR,Unnao,"2022-05-02",2.00
"29438",( 29438) KARONDI SITAPUR ROAD ( 220 METER AWAY FROM NATIONAL STATE HIGHWAY),Lucknow,"2022-05-02",1.00
"29996",( 29996) DANDI NO. 1,Pryagraj,"2022-05-02",1.00
"26095",( 26095) KRISHNA PURAM,Unnao,"2022-05-02",54.00
"30226",( 30226) PARA TIRAHA,Lucknow,"2022-05-02",49.00
"29820",( 29820) DANDI,Pryagraj,"2022-05-02",1.00
"30012",( 30012) VIBHUTIKHAND GOMTI NAGAR,Lucknow,"2022-05-02",4.00
"29251",( 29251) GAURI GAON,Lucknow,"2022-05-02",1.00
"27070",( 27070) GAHARPURWA,Unnao,"2022-05-02",240.00
"18191",( 18191) KARELABAG,Pryagraj,"2022-05-02",1.00
"27492",( 27492) MIRRI KALAN,Unnao,"2022-05-02",3.00
"30032",( 30032) ISMAILGANJ,Lucknow,"2022-05-02",5.00
"22214",( 22214) KAPOORTHALA N0-2 (500 METERS TOWARDS DANDHIYA BAZAR)-(A),Lucknow,"2022-05-02",1.00
"20447",( 20447) DHATA RODE SIRATHU,Kaushambhi,"2022-05-02",1.00
"17264",( 17264) MEERAPUR,Pryagraj,"2022-05-02",1.00
"22810",( 22810) KHUJAULI CHAURAHA (PS MOHANLALGANJ),Lucknow,"2022-05-02",2.00
"27122",( 27122) MIRRI KALAN,Unnao,"2022-05-02",6.00
"21644",( 21644) MEJA KHAS,Pryagraj,"2022-05-02",2.00
"24139",( 24139) KRISHNA PURAM,Unnao,"2022-05-02",2.00
"33699",( 33699) GOLAGANJ- 28191 (B),Lucknow,"2022-05-02",1.00
"4245",( 4245) MEERA PUR,Pryagraj,"2022-05-02",1.00
"27480",( 27480) CHAINPUR-(A),Unnao,"2022-05-02",3.00
"29961",( 29961) HARCHANDPUR,Lucknow,"2022-05-02",1.00
"27012",( 27012) PEEKHI ROAD,Unnao,"2022-05-02",4.00
"23030",( 23030) FAIZABAD ROAD NO-1(GAZIPUR POLICE STATION SE 100 MT KI PRADHI ME),Lucknow,"2022-05-02",1.00
"34673",( 34673) SHUKLA CHAURAHA,Lucknow,"2022-05-02",1.00
"29601",( 29601) NAUBASTA KALAN,Lucknow,"2022-05-02",1.00
"30139",( 30139) DWARIKAPURI NARAUNA MOD (FROM 220 METER TO NATIONAL STATE HIGHWAY),Lucknow,"2022-05-02",1.00
"29922",( 29922) AISHBAGH NO.3 (NEAR ANJUMAN TALKIES),Lucknow,"2022-05-02",1.00
"29906",( 29906) DABHAV,Pryagraj,"2022-05-02",1.00
"5606",( 5606) PANDAV VIHAR,Agra,"2022-05-02",4.00
"18836",( 18836) TILHAPUR MOD,Kaushambhi,"2022-05-02",3.00
"30274",( 30274) JAGANNATH KHEDA,Lucknow,"2022-05-02",3.00
"29698",( 29698) NAWABGANJ,Pryagraj,"2022-05-02",2.00
"25258",( 25258) KRISHNA NAGAR,Unnao,"2022-05-02",8.00
"30387",( 30387) FAIZZULAGANJ,Lucknow,"2022-05-02",2.00
"26336",( 26336) GODHVA,Unnao,"2022-05-02",3.00
"30200",( 30200) KARAUNDI PS ITAUNZA (FROM 220 METER TO NATIONAL STATE HIGHWAY),Lucknow,"2022-05-02",3.00
"26964",( 26964) NEWAL JAGTAPUR,Unnao,"2022-05-02",14.00
"27432",( 27432) VIJAI KHEDA,Unnao,"2022-05-02",94.00
"15581",( 15581) ANDAVA,Pryagraj,"2022-05-02",3.00
"15989",( 15989) BARETHI,Pryagraj,"2022-05-02",2.00
"26605",( 26605) DAKAULI,Unnao,"2022-05-02",1.00
"14181",( 14181) NARHI MACHLI MANDI,Lucknow,"2022-05-02",2.00
"28024",( 28024) TELIBAGH(NIKAT SABZI MANDI RAEBARELI ROAD),Lucknow,"2022-05-02",1.00
"22705",( 22705) TILHAPUR MOD,Kaushambhi,"2022-05-02",4.00
"22395",( 22395) JANKIPURAM,Lucknow,"2022-05-02",2.00
"18039",( 18039) SIRATHU,Kaushambhi,"2022-05-02",1.00
"12500",( 12500) ATARSUIYA-(A),Pryagraj,"2022-05-02",1.00
"30233",( 30233) SAIDPUR,Lucknow,"2022-05-02",5.00
"29874",( 29874) MAMA BHANJA TALAB SE CHAKA GATE,Pryagraj,"2022-05-02",1.00
"28892",( 28892) SADAR RAILWAY CROSSING,Lucknow,"2022-05-02",43.00
"25104",( 25104) THAKUR KHEDA,Unnao,"2022-05-02",5.00
"35391",( 35391) NARPATGANJ,Lucknow,"2022-05-02",4.00
"20050",( 20050) SIRATHU,Kaushambhi,"2022-05-02",1.00
"14617",( 14617) NAWABGANJ,Pryagraj,"2022-05-02",2.00
"27227",( 27227) BHAGAT KHEDA,Unnao,"2022-05-02",13.00
"14336",( 14336) BAIRAHANA,Pryagraj,"2022-05-02",1.00
"21518",( 21518) RAM NAGAR,Pryagraj,"2022-05-02",7.00
"30215",( 30215) GAURIYA CHAURAHA,Lucknow,"2022-05-02",3.00
"26844",( 26844) HASANGANJ,Unnao,"2022-05-02",2.00
"30260",( 30260) MANJHI CHAURAHA,Lucknow,"2022-05-02",1.00
"20529",( 20529) TILHAPUR MOD,Kaushambhi,"2022-05-02",2.00
"34785",( 34785) BHAISAMAU,Lucknow,"2022-05-02",1.00
"29264",( 29264) TRIVENI NAGAR-3 (SHIVLOK),Lucknow,"2022-05-02",1.00
"26777",( 26777) MUNDA,Unnao,"2022-05-02",3.00
"22002",( 22002) SIRATHU,Kaushambhi,"2022-05-02",1.00
"23504",( 23504) RAM NAGAR,Pryagraj,"2022-05-02",36.00
"27152",( 27152) RAIPUR,Unnao,"2022-05-02",2.00
"30154",( 30154) BAHARGAON (FROM 220 METER TO NATIONAL STATE HIGHWAY),Lucknow,"2022-05-02",5.00
"24866",( 24866) LOTADH-(A),Pryagraj,"2022-05-02",1.00
"25888",( 25888) HASANGANJ,Unnao,"2022-05-02",3.00
"35355",( 35355) MUBARAKPUR MOD,Lucknow,"2022-05-02",2.00
"19217",( 19217) NEWADA,Kaushambhi,"2022-05-02",4.00
"27039",( 27039) NAUBATGANJ,Unnao,"2022-05-02",2.00
"25153",( 25153) RAMNAGAR NO.1,Pryagraj,"2022-05-02",4.00
"22716",( 22716) NEWADA,Kaushambhi,"2022-05-02",4.00
"26974",( 26974) KALVARI,Unnao,"2022-05-02",4.00
"33660",( 33660) LOTADH- 24866 (B),Pryagraj,"2022-05-02",1.00
"27309",( 27309) PARSANDA,Unnao,"2022-05-02",5.00
"27118",( 27118) MANGATKHEDA,Unnao,"2022-05-02",8.00
"25727",( 25727) HAJIPUR TERHA,Unnao,"2022-05-02",70.00
"27355",( 27355) NAUBATGANJ,Unnao,"2022-05-02",1.00
"29304",( 29304) KAURIHAR,Pryagraj,"2022-05-02",7.00
"13906",( 13906) CIVIL LINES NO.2,Pryagraj,"2022-05-02",1.00
"27596",( 27596) MANGATKHEDA,Unnao,"2022-05-02",1.00
"27323",( 27323) MAHARAJPUR,KanpurNagar,"2022-05-02",3.00
"26264",( 26264) AJGAON,Unnao,"2022-05-02",68.00
"22407",( 22407) NEAR KAKORI POLICE CHOWKI,Lucknow,"2022-05-02",1.00
"20733",( 20733) NEWADA,Kaushambhi,"2022-05-02",4.00
"19769",( 19769) MUNSHI PULIYA (INDIRA NAGAR),Lucknow,"2022-05-02",2.00
"30100",( 30100) TRANSPORT NAGAR (RTO OFFICE ROAD),Lucknow,"2022-05-02",2.00
"26626",( 26626) NAUBATGANJ,Unnao,"2022-05-02",14.00
"27451",( 27451) MANGAT KHEDA,Unnao,"2022-05-02",3.00
"28776",( 28776) VAHIDPUR (S.H. SE 220 MTR. SE ADHIK KI DURI PAR),Agra,"2022-05-02",1.00
"26595",( 26595) KUSUMBHI STATION ROAD,Unnao,"2022-05-02",28.00
"28184",( 28184) CHOWK,Lucknow,"2022-05-02",1.00
"25136",( 25136) UNCHDEEH BAZAR,Pryagraj,"2022-05-02",1.00
"26970",( 26970) BANGARMAU,Unnao,"2022-05-02",1.00
"29707",( 29707) SAIDABAD BAZAR,Pryagraj,"2022-05-02",2.00
"27577",( 27577) PANHAN,Unnao,"2022-05-02",3.00
"30207",( 30207) THAWAR,Lucknow,"2022-05-02",3.00
"30150",( 30150) KAKORI NO.2 QILA MAIDAN,Lucknow,"2022-05-02",2.00
"26754",( 26754) OSIYA,Unnao,"2022-05-02",1.00
"19847",( 19847) BALUGANJ,Agra,"2022-05-02",1.00
"27300",( 27300) KAKADEV,KanpurNagar,"2022-05-02",1.00
"30183",( 30183) AMANIGANJ (ITAUNJA),Lucknow,"2022-05-02",4.00
"29480",( 29480) NEAR POLICE CHOWKI KAKORI,Lucknow,"2022-05-02",1.00
"29277",( 29277) T P NAGAR -2 LABOUR CHAURAHA,Lucknow,"2022-05-02",3.00
"28894",( 28894) SIGNA ROAD-(A),Agra,"2022-05-02",1.00
"27239",( 27239) BAIGAON,Unnao,"2022-05-02",2.00
"19893",( 19893) SARVODAYA NAGAR-(A),KanpurNagar,"2022-05-02",1.00
"25763",( 25763) KUSUMBHI,Unnao,"2022-05-02",19.00
"35819",( 35819) IMAMBAGH KAKORI,Lucknow,"2022-05-02",3.00
"30128",( 30128) LABOUR CHAURAHA (NEAR RAJU DHABA 100 METER KI PARIDHI MEIN TRANSPORT NAGAR),Lucknow,"2022-05-02",2.00
"27148",( 27148) RAWATPUR-(A),KanpurNagar,"2022-05-02",1.00
"27448",( 27448) RATAN LAL NAGAR,KanpurNagar,"2022-05-02",1.00
"14132",( 14132) STAINALY ROAD-(A),Pryagraj,"2022-05-02",1.00
"27242",( 27242) LANGARPUR,Unnao,"2022-05-02",2.00
"29761",( 29761) MARDAPUR,Pryagraj,"2022-05-02",4.00
"24148",( 24148) ETMADPUR,Agra,"2022-05-02",1.00
"29302",( 29302) HATHIGAHA,Pryagraj,"2022-05-02",4.00
"29803",( 29803) STAINALY ROAD-(A),Pryagraj,"2022-05-02",1.00
"29401",( 29401) AMANIGANJ (ITAUNZA),Lucknow,"2022-05-02",3.00
"26863",( 26863) BHAINSHARA CHAURAHA,Unnao,"2022-05-02",3.00
"35586",( 35586) HANDIA,Pryagraj,"2022-05-02",1.00
"27255",( 27255) BIKAMAU,Unnao,"2022-05-02",42.00
"29792",( 29792) S.P.MARG,Pryagraj,"2022-05-02",1.00
"27329",( 27329) PANDU NAGAR,KanpurNagar,"2022-05-02",1.00
"23389",( 23389) PARAG DAIRY,Lucknow,"2022-05-02",4.00
"27460",( 27460) KULGAWN MOD,KanpurNagar,"2022-05-02",1.00
"29845",( 29845) KARCHHANA BAZAR,Pryagraj,"2022-05-02",2.00
"26784",( 26784) MOHIKHEDA,Unnao,"2022-05-02",2.00
"23950",( 23950) PASANA,Pryagraj,"2022-05-02",4.00
"19797",( 19797) LEKHRAJ MARKET(INDIRA NAGAR),Lucknow,"2022-05-02",3.00
"22116",( 22116) MALL,Lucknow,"2022-05-02",3.00
"30243",( 30243) GOHNA KHURD PS ITAUNZA,Lucknow,"2022-05-02",1.00
"14142",( 14142) S.P. MARG,Pryagraj,"2022-05-02",1.00
"14298",( 14298) MALAAK HARHAR,Pryagraj,"2022-05-02",2.00
"30178",( 30178) RAM NAGAR (MAL),Lucknow,"2022-05-02",4.00
"13597",( 13597) CIVIL LINES,Pryagraj,"2022-05-02",1.00
"27494",( 27494) DHIRJIKHEDA (PANGA KHEDA),Unnao,"2022-05-02",3.00
"26311",( 26311) HIMMAT GARH,Unnao,"2022-05-02",6.00
"15918",( 15918) BAHARIYA,Pryagraj,"2022-05-02",1.00
"27173",( 27173) CHAMIYANI,Unnao,"2022-05-02",2.00
